{"cameraMode":{"drawMode":0,"name":"Shaded","section":"Shading Mode"},"sceneLighting":true,"audioPlay":false,"sceneViewState":{"m_AlwaysRefresh":false,"showFog":false,"showSkybox":false,"showFlares":false,"showImageEffects":false,"showParticleSystems":false,"showVisualEffectGraphs":true,"m_FxEnabled":true},"in2DMode":false,"pivot":{"x":23.838367462158204,"y":0.5553264617919922,"z":22.029754638671876},"rotation":{"x":0.07420215755701065,"y":-0.05861924588680267,"z":0.004369459114968777,"w":0.9955306053161621},"size":62.56178283691406,"orthographic":false}