{"cameraMode":{"drawMode":0,"name":"Shaded","section":"Shading Mode"},"sceneLighting":true,"audioPlay":false,"sceneViewState":{"m_AlwaysRefresh":false,"showFog":false,"showSkybox":false,"showFlares":false,"showImageEffects":false,"showParticleSystems":false,"showVisualEffectGraphs":true,"m_FxEnabled":true},"in2DMode":false,"pivot":{"x":-4.118596076965332,"y":3.9936208724975588,"z":23.699153900146486},"rotation":{"x":0.05330890044569969,"y":0.049096591770648959,"z":-0.0026242502499371769,"w":0.9973875284194946},"size":6.051950454711914,"orthographic":false}